#problem;variant_name;variant_range;solver;run;solutions;propagations;nodes;failures;runtime(ms)
Baker;_;0;quacode;1;1;183394;19130;4584;57
Baker;_;0;quacode;2;1;183394;19130;4584;52
Baker;_;0;quacode;3;1;183394;19130;4584;51
Baker;_;0;quacode;4;1;183394;19130;4584;49
Baker;_;0;quacode;5;1;183394;19130;4584;53
Baker;_;0;quacode;6;1;183394;19130;4584;50
Baker;_;0;quacode;7;1;183394;19130;4584;57
Baker;_;0;quacode;8;1;183394;19130;4584;50
Baker;_;0;quacode;9;1;183394;19130;4584;50
Baker;_;0;quacode;10;1;183394;19130;4584;60
Baker;_;1;quacode;1;1;8949111;1171084;608490;2507
Baker;_;1;quacode;2;1;8949111;1171084;608490;2482
Baker;_;1;quacode;3;1;8949111;1171084;608490;2463
Baker;_;1;quacode;4;1;8949111;1171084;608490;2405
Baker;_;1;quacode;5;1;8949111;1171084;608490;2455
Baker;_;1;quacode;6;1;8949111;1171084;608490;2457
Baker;_;1;quacode;7;1;8949111;1171084;608490;2480
Baker;_;1;quacode;8;1;8949111;1171084;608490;2409
Baker;_;1;quacode;9;1;8949111;1171084;608490;2445
Baker;_;1;quacode;10;1;8949111;1171084;608490;2455
Baker;_;3;quacode;1;1;42858466;5539181;2885537;11618
Baker;_;3;quacode;2;1;42858466;5539181;2885537;11501
Baker;_;3;quacode;3;1;42858466;5539181;2885537;11496
Baker;_;3;quacode;4;1;42858466;5539181;2885537;11776
Baker;_;3;quacode;5;1;42858466;5539181;2885537;11635
Baker;_;3;quacode;6;1;42858466;5539181;2885537;11715
Baker;_;3;quacode;7;1;42858466;5539181;2885537;11572
Baker;_;3;quacode;8;1;42858466;5539181;2885537;11622
Baker;_;3;quacode;9;1;42858466;5539181;2885537;11505
Baker;_;3;quacode;10;1;42858466;5539181;2885537;11546
Baker;_;0;quacode-nodecount;1;1;183394;6632;4584;96
Baker;_;1;quacode-nodecount;1;1;8949111;439277;608490;3887
Baker;_;3;quacode-nodecount;1;1;42858466;2119553;2885537;18708
Baker;_;0;queso;1;1;201993;6632;;595
Baker;_;0;queso;2;1;201993;6632;;602
Baker;_;0;queso;3;1;201993;6632;;603
Baker;_;0;queso;4;1;201993;6632;;598
Baker;_;0;queso;5;1;201993;6632;;604
Baker;_;0;queso;6;1;201993;6632;;600
Baker;_;0;queso;7;1;201993;6632;;603
Baker;_;0;queso;8;1;201993;6632;;607
Baker;_;0;queso;9;1;201993;6632;;599
Baker;_;0;queso;10;1;201993;6632;;592
Baker;_;1;queso;1;1;9719631;439277;;15066
Baker;_;1;queso;2;1;9719631;439277;;14765
Baker;_;1;queso;3;1;9719631;439277;;14896
Baker;_;1;queso;4;1;9719631;439277;;15092
Baker;_;1;queso;5;1;9719631;439277;;15138
Baker;_;1;queso;6;1;9719631;439277;;14797
Baker;_;1;queso;7;1;9719631;439277;;14965
Baker;_;1;queso;8;1;9719631;439277;;15057
Baker;_;1;queso;9;1;9719631;439277;;14796
Baker;_;1;queso;10;1;9719631;439277;;14638
Baker;_;3;queso;1;1;46053164;2119553;;68913
Baker;_;3;queso;2;1;46053164;2119553;;67732
Baker;_;3;queso;3;1;46053164;2119553;;67032
Baker;_;3;queso;4;1;46053164;2119553;;67364
Baker;_;3;queso;5;1;46053164;2119553;;67377
Baker;_;3;queso;6;1;46053164;2119553;;67886
Baker;_;3;queso;7;1;46053164;2119553;;67836
Baker;_;3;queso;8;1;46053164;2119553;;68148
Baker;_;3;queso;9;1;46053164;2119553;;68510
Baker;_;3;queso;10;1;46053164;2119553;;67304
Baker;_;0;qecode;1;1;;28673;;460
Baker;_;0;qecode;2;1;;28673;;470
Baker;_;0;qecode;3;1;;28673;;480
Baker;_;0;qecode;4;1;;28673;;460
Baker;_;0;qecode;5;1;;28673;;460
Baker;_;0;qecode;6;1;;28673;;490
Baker;_;0;qecode;7;1;;28673;;460
Baker;_;0;qecode;8;1;;28673;;460
Baker;_;0;qecode;9;1;;28673;;470
Baker;_;0;qecode;10;1;;28673;;460
Baker;_;1;qecode;1;1;;324502;;5520
Baker;_;1;qecode;2;1;;324502;;5520
Baker;_;1;qecode;3;1;;324502;;5540
Baker;_;1;qecode;4;1;;324502;;5580
Baker;_;1;qecode;5;1;;324502;;5560
Baker;_;1;qecode;6;1;;324502;;5560
Baker;_;1;qecode;7;1;;324502;;5580
Baker;_;1;qecode;8;1;;324502;;5560
Baker;_;1;qecode;9;1;;324502;;5540
Baker;_;1;qecode;10;1;;324502;;5570
Baker;_;3;qecode;1;1;;1435327;;24250
Baker;_;3;qecode;2;1;;1435327;;24330
Baker;_;3;qecode;3;1;;1435327;;24270
Baker;_;3;qecode;4;1;;1435327;;24400
Baker;_;3;qecode;5;1;;1435327;;24360
Baker;_;3;qecode;6;1;;1435327;;24380
Baker;_;3;qecode;7;1;;1435327;;24310
Baker;_;3;qecode;8;1;;1435327;;24280
Baker;_;3;qecode;9;1;;1435327;;24860
Baker;_;3;qecode;10;1;;1435327;;24360
Baker;_;0;qecode-debug;1;1;422621;50252;;2310
Baker;_;1;qecode-debug;1;1;3717928;520310;;31970
Baker;_;3;qecode-debug;1;1;13747593;2230440;;145480

#problem;variant_name;variant_range;solver;run;solutions;propagations;nodes;failures;runtime(ms)
NimFibo;SANS_CUT;4;quacode;1;1;209;28;1;2
NimFibo;SANS_CUT;4;quacode;2;1;209;28;1;0
NimFibo;SANS_CUT;4;quacode;3;1;209;28;1;0
NimFibo;SANS_CUT;4;quacode;4;1;209;28;1;0
NimFibo;SANS_CUT;4;quacode;5;1;209;28;1;0
NimFibo;SANS_CUT;4;quacode;6;1;209;28;1;0
NimFibo;SANS_CUT;4;quacode;7;1;209;28;1;0
NimFibo;SANS_CUT;4;quacode;8;1;209;28;1;0
NimFibo;SANS_CUT;4;quacode;9;1;209;28;1;0
NimFibo;SANS_CUT;4;quacode;10;1;209;28;1;0
NimFibo;SANS_CUT;5;quacode;1;0;437;46;6;0
NimFibo;SANS_CUT;5;quacode;2;0;437;46;6;0
NimFibo;SANS_CUT;5;quacode;3;0;437;46;6;0
NimFibo;SANS_CUT;5;quacode;4;0;437;46;6;0
NimFibo;SANS_CUT;5;quacode;5;0;437;46;6;0
NimFibo;SANS_CUT;5;quacode;6;0;437;46;6;0
NimFibo;SANS_CUT;5;quacode;7;0;437;46;6;0
NimFibo;SANS_CUT;5;quacode;8;0;437;46;6;0
NimFibo;SANS_CUT;5;quacode;9;0;437;46;6;0
NimFibo;SANS_CUT;5;quacode;10;0;437;46;6;0
NimFibo;SANS_CUT;6;quacode;1;1;1775;374;3;1
NimFibo;SANS_CUT;6;quacode;2;1;1775;374;3;2
NimFibo;SANS_CUT;6;quacode;3;1;1775;374;3;1
NimFibo;SANS_CUT;6;quacode;4;1;1775;374;3;2
NimFibo;SANS_CUT;6;quacode;5;1;1775;374;3;1
NimFibo;SANS_CUT;6;quacode;6;1;1775;374;3;2
NimFibo;SANS_CUT;6;quacode;7;1;1775;374;3;1
NimFibo;SANS_CUT;6;quacode;8;1;1775;374;3;2
NimFibo;SANS_CUT;6;quacode;9;1;1775;374;3;2
NimFibo;SANS_CUT;6;quacode;10;1;1775;374;3;2
NimFibo;SANS_CUT;7;quacode;1;1;3191;650;8;3
NimFibo;SANS_CUT;7;quacode;2;1;3191;650;8;3
NimFibo;SANS_CUT;7;quacode;3;1;3191;650;8;3
NimFibo;SANS_CUT;7;quacode;4;1;3191;650;8;3
NimFibo;SANS_CUT;7;quacode;5;1;3191;650;8;3
NimFibo;SANS_CUT;7;quacode;6;1;3191;650;8;1
NimFibo;SANS_CUT;7;quacode;7;1;3191;650;8;1
NimFibo;SANS_CUT;7;quacode;8;1;3191;650;8;3
NimFibo;SANS_CUT;7;quacode;9;1;3191;650;8;3
NimFibo;SANS_CUT;7;quacode;10;1;3191;650;8;3
NimFibo;SANS_CUT;8;quacode;1;0;32392;8558;24;19
NimFibo;SANS_CUT;8;quacode;2;0;32392;8558;24;34
NimFibo;SANS_CUT;8;quacode;3;0;32392;8558;24;19
NimFibo;SANS_CUT;8;quacode;4;0;32392;8558;24;29
NimFibo;SANS_CUT;8;quacode;5;0;32392;8558;24;21
NimFibo;SANS_CUT;8;quacode;6;0;32392;8558;24;35
NimFibo;SANS_CUT;8;quacode;7;0;32392;8558;24;20
NimFibo;SANS_CUT;8;quacode;8;0;32392;8558;24;27
NimFibo;SANS_CUT;8;quacode;9;0;32392;8558;24;19
NimFibo;SANS_CUT;8;quacode;10;0;32392;8558;24;31
NimFibo;SANS_CUT;9;quacode;1;1;40039;10932;11;46
NimFibo;SANS_CUT;9;quacode;2;1;40039;10932;11;31
NimFibo;SANS_CUT;9;quacode;3;1;40039;10932;11;31
NimFibo;SANS_CUT;9;quacode;4;1;40039;10932;11;44
NimFibo;SANS_CUT;9;quacode;5;1;40039;10932;11;24
NimFibo;SANS_CUT;9;quacode;6;1;40039;10932;11;34
NimFibo;SANS_CUT;9;quacode;7;1;40039;10932;11;25
NimFibo;SANS_CUT;9;quacode;8;1;40039;10932;11;28
NimFibo;SANS_CUT;9;quacode;9;1;40039;10932;11;26
NimFibo;SANS_CUT;9;quacode;10;1;40039;10932;11;32
NimFibo;SANS_CUT;10;quacode;1;1;554563;168434;31;360
NimFibo;SANS_CUT;10;quacode;2;1;554563;168434;31;376
NimFibo;SANS_CUT;10;quacode;3;1;554563;168434;31;373
NimFibo;SANS_CUT;10;quacode;4;1;554563;168434;31;371
NimFibo;SANS_CUT;10;quacode;5;1;554563;168434;31;368
NimFibo;SANS_CUT;10;quacode;6;1;554563;168434;31;377
NimFibo;SANS_CUT;10;quacode;7;1;554563;168434;31;370
NimFibo;SANS_CUT;10;quacode;8;1;554563;168434;31;374
NimFibo;SANS_CUT;10;quacode;9;1;554563;168434;31;387
NimFibo;SANS_CUT;10;quacode;10;1;554563;168434;31;375
NimFibo;SANS_CUT;11;quacode;1;1;1008586;318201;65;673
NimFibo;SANS_CUT;11;quacode;2;1;1008586;318201;65;681
NimFibo;SANS_CUT;11;quacode;3;1;1008586;318201;65;677
NimFibo;SANS_CUT;11;quacode;4;1;1008586;318201;65;682
NimFibo;SANS_CUT;11;quacode;5;1;1008586;318201;65;699
NimFibo;SANS_CUT;11;quacode;6;1;1008586;318201;65;659
NimFibo;SANS_CUT;11;quacode;7;1;1008586;318201;65;688
NimFibo;SANS_CUT;11;quacode;8;1;1008586;318201;65;694
NimFibo;SANS_CUT;11;quacode;9;1;1008586;318201;65;671
NimFibo;SANS_CUT;11;quacode;10;1;1008586;318201;65;664
NimFibo;SANS_CUT;12;quacode;1;1;14297288;4705381;42;10115
NimFibo;SANS_CUT;12;quacode;2;1;14297288;4705381;42;9620
NimFibo;SANS_CUT;12;quacode;3;1;14297288;4705381;42;9625
NimFibo;SANS_CUT;12;quacode;4;1;14297288;4705381;42;9719
NimFibo;SANS_CUT;12;quacode;5;1;14297288;4705381;42;9794
NimFibo;SANS_CUT;12;quacode;6;1;14297288;4705381;42;9681
NimFibo;SANS_CUT;12;quacode;7;1;14297288;4705381;42;9542
NimFibo;SANS_CUT;12;quacode;8;1;14297288;4705381;42;9695
NimFibo;SANS_CUT;12;quacode;9;1;14297288;4705381;42;9527
NimFibo;SANS_CUT;12;quacode;10;1;14297288;4705381;42;9646
NimFibo;SANS_CUT;13;quacode;1;0;38914850;13182978;199;27570
NimFibo;SANS_CUT;13;quacode;2;0;38914850;13182978;199;26610
NimFibo;SANS_CUT;13;quacode;3;0;38914850;13182978;199;26628
NimFibo;SANS_CUT;13;quacode;4;0;38914850;13182978;199;26786
NimFibo;SANS_CUT;13;quacode;5;0;38914850;13182978;199;27240
NimFibo;SANS_CUT;13;quacode;6;0;38914850;13182978;199;26601
NimFibo;SANS_CUT;13;quacode;7;0;38914850;13182978;199;26733
NimFibo;SANS_CUT;13;quacode;8;0;38914850;13182978;199;26716
NimFibo;SANS_CUT;13;quacode;9;0;38914850;13182978;199;28882
NimFibo;SANS_CUT;13;quacode;10;0;38914850;13182978;199;27505
NimFibo;SANS_CUT;14;quacode;1;1;478575267;166368475;107;343219
NimFibo;SANS_CUT;14;quacode;2;1;478575267;166368475;107;343227
NimFibo;SANS_CUT;14;quacode;3;1;478575267;166368475;107;356313
NimFibo;SANS_CUT;14;quacode;4;1;478575267;166368475;107;341436
NimFibo;SANS_CUT;14;quacode;5;1;478575267;166368475;107;357299
NimFibo;SANS_CUT;14;quacode;6;1;478575267;166368475;107;341389
NimFibo;SANS_CUT;14;quacode;7;1;478575267;166368475;107;342020
NimFibo;SANS_CUT;14;quacode;8;1;478575267;166368475;107;362271
NimFibo;SANS_CUT;14;quacode;9;1;478575267;166368475;107;350540
NimFibo;SANS_CUT;14;quacode;10;1;478575267;166368475;107;345979
NimFibo;SANS_CUT;15;quacode;1;1;783583063;278475984;258;570514
NimFibo;SANS_CUT;15;quacode;2;1;783583063;278475984;258;580988
NimFibo;SANS_CUT;15;quacode;3;1;783583063;278475984;258;574392
NimFibo;SANS_CUT;15;quacode;4;1;783583063;278475984;258;575156
NimFibo;SANS_CUT;15;quacode;5;1;783583063;278475984;258;570533
NimFibo;SANS_CUT;15;quacode;6;1;783583063;278475984;258;572403
NimFibo;SANS_CUT;15;quacode;7;1;783583063;278475984;258;576769
NimFibo;SANS_CUT;15;quacode;8;1;783583063;278475984;258;578282
NimFibo;SANS_CUT;15;quacode;9;1;783583063;278475984;258;578146
NimFibo;SANS_CUT;15;quacode;10;1;783583063;278475984;258;577111
NimFibo;SANS_CUT;16;quacode;1;;;;;
NimFibo;SANS_CUT;17;quacode;1;;;;;
NimFibo;SANS_CUT;18;quacode;1;;;;;
NimFibo;SANS_CUT;19;quacode;1;;;;;
NimFibo;SANS_CUT;20;quacode;1;;;;;
NimFibo;SANS_CUT;21;quacode;1;;;;;
NimFibo;SANS_CUT;22;quacode;1;;;;;
NimFibo;SANS_CUT;4;quacode-nodecount;1;1;209;14;1;1
NimFibo;SANS_CUT;5;quacode-nodecount;1;0;437;17;6;3
NimFibo;SANS_CUT;6;quacode-nodecount;1;1;1775;159;3;17
NimFibo;SANS_CUT;7;quacode-nodecount;1;1;3191;226;8;32
NimFibo;SANS_CUT;8;quacode-nodecount;1;0;32392;2968;24;478
NimFibo;SANS_CUT;9;quacode-nodecount;1;1;40039;3396;11;630
NimFibo;SANS_CUT;10;quacode-nodecount;1;1;554563;52287;31;9703
NimFibo;SANS_CUT;11;quacode-nodecount;1;1;1008586;90366;65;18314
NimFibo;SANS_CUT;12;quacode-nodecount;1;1;14297288;1352096;42;287685
NimFibo;SANS_CUT;13;quacode-nodecount;1;0;38914850;3527404;199;847188
NimFibo;SANS_CUT;14;quacode-nodecount;1;1;478575267;45313910;107;665455
NimFibo;SANS_CUT;15;quacode-nodecount;1;1;783583063;71436021;258;1121067
NimFibo;SANS_CUT;16;quacode-nodecount;1;;;;;
NimFibo;SANS_CUT;17;quacode-nodecount;1;;;;;
NimFibo;SANS_CUT;18;quacode-nodecount;1;;;;;
NimFibo;SANS_CUT;19;quacode-nodecount;1;;;;;
NimFibo;SANS_CUT;20;quacode-nodecount;1;;;;;
NimFibo;SANS_CUT;21;quacode-nodecount;1;;;;;
NimFibo;SANS_CUT;22;quacode-nodecount;1;;;;;

NimFibo;AVEC_CUT;4;quacode;1;1;134;9;1;0
NimFibo;AVEC_CUT;4;quacode;2;1;134;9;1;0
NimFibo;AVEC_CUT;4;quacode;3;1;134;9;1;0
NimFibo;AVEC_CUT;4;quacode;4;1;134;9;1;0
NimFibo;AVEC_CUT;4;quacode;5;1;134;9;1;0
NimFibo;AVEC_CUT;4;quacode;6;1;134;9;1;0
NimFibo;AVEC_CUT;4;quacode;7;1;134;9;1;0
NimFibo;AVEC_CUT;4;quacode;8;1;134;9;1;0
NimFibo;AVEC_CUT;4;quacode;9;1;134;9;1;0
NimFibo;AVEC_CUT;4;quacode;10;1;134;9;1;0
NimFibo;AVEC_CUT;5;quacode;1;0;310;22;6;0
NimFibo;AVEC_CUT;5;quacode;2;0;310;22;6;0
NimFibo;AVEC_CUT;5;quacode;3;0;310;22;6;0
NimFibo;AVEC_CUT;5;quacode;4;0;310;22;6;0
NimFibo;AVEC_CUT;5;quacode;5;0;310;22;6;0
NimFibo;AVEC_CUT;5;quacode;6;0;310;22;6;0
NimFibo;AVEC_CUT;5;quacode;7;0;310;22;6;0
NimFibo;AVEC_CUT;5;quacode;8;0;310;22;6;0
NimFibo;AVEC_CUT;5;quacode;9;0;310;22;6;0
NimFibo;AVEC_CUT;5;quacode;10;0;310;22;6;0
NimFibo;AVEC_CUT;6;quacode;1;1;420;22;3;0
NimFibo;AVEC_CUT;6;quacode;2;1;420;22;3;0
NimFibo;AVEC_CUT;6;quacode;3;1;420;22;3;0
NimFibo;AVEC_CUT;6;quacode;4;1;420;22;3;0
NimFibo;AVEC_CUT;6;quacode;5;1;420;22;3;0
NimFibo;AVEC_CUT;6;quacode;6;1;420;22;3;0
NimFibo;AVEC_CUT;6;quacode;7;1;420;22;3;0
NimFibo;AVEC_CUT;6;quacode;8;1;420;22;3;0
NimFibo;AVEC_CUT;6;quacode;9;1;420;22;3;0
NimFibo;AVEC_CUT;6;quacode;10;1;420;22;3;0
NimFibo;AVEC_CUT;7;quacode;1;1;870;49;8;0
NimFibo;AVEC_CUT;7;quacode;2;1;870;49;8;0
NimFibo;AVEC_CUT;7;quacode;3;1;870;49;8;0
NimFibo;AVEC_CUT;7;quacode;4;1;870;49;8;0
NimFibo;AVEC_CUT;7;quacode;5;1;870;49;8;0
NimFibo;AVEC_CUT;7;quacode;6;1;870;49;8;0
NimFibo;AVEC_CUT;7;quacode;7;1;870;49;8;0
NimFibo;AVEC_CUT;7;quacode;8;1;870;49;8;0
NimFibo;AVEC_CUT;7;quacode;9;1;870;49;8;0
NimFibo;AVEC_CUT;7;quacode;10;1;870;49;8;0
NimFibo;AVEC_CUT;8;quacode;1;0;2068;123;24;1
NimFibo;AVEC_CUT;8;quacode;2;0;2068;123;24;1
NimFibo;AVEC_CUT;8;quacode;3;0;2068;123;24;1
NimFibo;AVEC_CUT;8;quacode;4;0;2068;123;24;4
NimFibo;AVEC_CUT;8;quacode;5;0;2068;123;24;1
NimFibo;AVEC_CUT;8;quacode;6;0;2068;123;24;0
NimFibo;AVEC_CUT;8;quacode;7;0;2068;123;24;0
NimFibo;AVEC_CUT;8;quacode;8;0;2068;123;24;1
NimFibo;AVEC_CUT;8;quacode;9;0;2068;123;24;0
NimFibo;AVEC_CUT;8;quacode;10;0;2068;123;24;1
NimFibo;AVEC_CUT;9;quacode;1;1;1494;74;11;1
NimFibo;AVEC_CUT;9;quacode;2;1;1494;74;11;0
NimFibo;AVEC_CUT;9;quacode;3;1;1494;74;11;0
NimFibo;AVEC_CUT;9;quacode;4;1;1494;74;11;1
NimFibo;AVEC_CUT;9;quacode;5;1;1494;74;11;0
NimFibo;AVEC_CUT;9;quacode;6;1;1494;74;11;0
NimFibo;AVEC_CUT;9;quacode;7;1;1494;74;11;0
NimFibo;AVEC_CUT;9;quacode;8;1;1494;74;11;1
NimFibo;AVEC_CUT;9;quacode;9;1;1494;74;11;0
NimFibo;AVEC_CUT;9;quacode;10;1;1494;74;11;0
NimFibo;AVEC_CUT;10;quacode;1;1;3521;185;31;2
NimFibo;AVEC_CUT;10;quacode;2;1;3521;185;31;3
NimFibo;AVEC_CUT;10;quacode;3;1;3521;185;31;1
NimFibo;AVEC_CUT;10;quacode;4;1;3521;185;31;1
NimFibo;AVEC_CUT;10;quacode;5;1;3521;185;31;2
NimFibo;AVEC_CUT;10;quacode;6;1;3521;185;31;1
NimFibo;AVEC_CUT;10;quacode;7;1;3521;185;31;2
NimFibo;AVEC_CUT;10;quacode;8;1;3521;185;31;1
NimFibo;AVEC_CUT;10;quacode;9;1;3521;185;31;2
NimFibo;AVEC_CUT;10;quacode;10;1;3521;185;31;1
NimFibo;AVEC_CUT;11;quacode;1;1;7166;386;65;3
NimFibo;AVEC_CUT;11;quacode;2;1;7166;386;65;2
NimFibo;AVEC_CUT;11;quacode;3;1;7166;386;65;3
NimFibo;AVEC_CUT;11;quacode;4;1;7166;386;65;3
NimFibo;AVEC_CUT;11;quacode;5;1;7166;386;65;3
NimFibo;AVEC_CUT;11;quacode;6;1;7166;386;65;3
NimFibo;AVEC_CUT;11;quacode;7;1;7166;386;65;3
NimFibo;AVEC_CUT;11;quacode;8;1;7166;386;65;2
NimFibo;AVEC_CUT;11;quacode;9;1;7166;386;65;3
NimFibo;AVEC_CUT;11;quacode;10;1;7166;386;65;3
NimFibo;AVEC_CUT;12;quacode;1;1;5278;262;42;3
NimFibo;AVEC_CUT;12;quacode;2;1;5278;262;42;2
NimFibo;AVEC_CUT;12;quacode;3;1;5278;262;42;1
NimFibo;AVEC_CUT;12;quacode;4;1;5278;262;42;1
NimFibo;AVEC_CUT;12;quacode;5;1;5278;262;42;2
NimFibo;AVEC_CUT;12;quacode;6;1;5278;262;42;2
NimFibo;AVEC_CUT;12;quacode;7;1;5278;262;42;2
NimFibo;AVEC_CUT;12;quacode;8;1;5278;262;42;3
NimFibo;AVEC_CUT;12;quacode;9;1;5278;262;42;1
NimFibo;AVEC_CUT;12;quacode;10;1;5278;262;42;1
NimFibo;AVEC_CUT;13;quacode;1;0;21318;1156;199;10
NimFibo;AVEC_CUT;13;quacode;2;0;21318;1156;199;8
NimFibo;AVEC_CUT;13;quacode;3;0;21318;1156;199;7
NimFibo;AVEC_CUT;13;quacode;4;0;21318;1156;199;6
NimFibo;AVEC_CUT;13;quacode;5;0;21318;1156;199;7
NimFibo;AVEC_CUT;13;quacode;6;0;21318;1156;199;7
NimFibo;AVEC_CUT;13;quacode;7;0;21318;1156;199;6
NimFibo;AVEC_CUT;13;quacode;8;0;21318;1156;199;6
NimFibo;AVEC_CUT;13;quacode;9;0;21318;1156;199;10
NimFibo;AVEC_CUT;13;quacode;10;0;21318;1156;199;9
NimFibo;AVEC_CUT;14;quacode;1;1;12666;652;107;6
NimFibo;AVEC_CUT;14;quacode;2;1;12666;652;107;5
NimFibo;AVEC_CUT;14;quacode;3;1;12666;652;107;4
NimFibo;AVEC_CUT;14;quacode;4;1;12666;652;107;6
NimFibo;AVEC_CUT;14;quacode;5;1;12666;652;107;5
NimFibo;AVEC_CUT;14;quacode;6;1;12666;652;107;5
NimFibo;AVEC_CUT;14;quacode;7;1;12666;652;107;6
NimFibo;AVEC_CUT;14;quacode;8;1;12666;652;107;4
NimFibo;AVEC_CUT;14;quacode;9;1;12666;652;107;6
NimFibo;AVEC_CUT;14;quacode;10;1;12666;652;107;5
NimFibo;AVEC_CUT;15;quacode;1;1;29642;1559;258;13
NimFibo;AVEC_CUT;15;quacode;2;1;29642;1559;258;11
NimFibo;AVEC_CUT;15;quacode;3;1;29642;1559;258;13
NimFibo;AVEC_CUT;15;quacode;4;1;29642;1559;258;11
NimFibo;AVEC_CUT;15;quacode;5;1;29642;1559;258;12
NimFibo;AVEC_CUT;15;quacode;6;1;29642;1559;258;8
NimFibo;AVEC_CUT;15;quacode;7;1;29642;1559;258;11
NimFibo;AVEC_CUT;15;quacode;8;1;29642;1559;258;12
NimFibo;AVEC_CUT;15;quacode;9;1;29642;1559;258;11
NimFibo;AVEC_CUT;15;quacode;10;1;29642;1559;258;13
NimFibo;AVEC_CUT;16;quacode;1;1;62532;3296;550;26
NimFibo;AVEC_CUT;16;quacode;2;1;62532;3296;550;18
NimFibo;AVEC_CUT;16;quacode;3;1;62532;3296;550;28
NimFibo;AVEC_CUT;16;quacode;4;1;62532;3296;550;20
NimFibo;AVEC_CUT;16;quacode;5;1;62532;3296;550;25
NimFibo;AVEC_CUT;16;quacode;6;1;62532;3296;550;25
NimFibo;AVEC_CUT;16;quacode;7;1;62532;3296;550;29
NimFibo;AVEC_CUT;16;quacode;8;1;62532;3296;550;27
NimFibo;AVEC_CUT;16;quacode;9;1;62532;3296;550;18
NimFibo;AVEC_CUT;16;quacode;10;1;62532;3296;550;28
NimFibo;AVEC_CUT;17;quacode;1;1;43201;2214;365;16
NimFibo;AVEC_CUT;17;quacode;2;1;43201;2214;365;12
NimFibo;AVEC_CUT;17;quacode;3;1;43201;2214;365;15
NimFibo;AVEC_CUT;17;quacode;4;1;43201;2214;365;18
NimFibo;AVEC_CUT;17;quacode;5;1;43201;2214;365;16
NimFibo;AVEC_CUT;17;quacode;6;1;43201;2214;365;16
NimFibo;AVEC_CUT;17;quacode;7;1;43201;2214;365;13
NimFibo;AVEC_CUT;17;quacode;8;1;43201;2214;365;19
NimFibo;AVEC_CUT;17;quacode;9;1;43201;2214;365;14
NimFibo;AVEC_CUT;17;quacode;10;1;43201;2214;365;12
NimFibo;AVEC_CUT;18;quacode;1;1;169197;8870;1480;72
NimFibo;AVEC_CUT;18;quacode;2;1;169197;8870;1480;50
NimFibo;AVEC_CUT;18;quacode;3;1;169197;8870;1480;49
NimFibo;AVEC_CUT;18;quacode;4;1;169197;8870;1480;50
NimFibo;AVEC_CUT;18;quacode;5;1;169197;8870;1480;49
NimFibo;AVEC_CUT;18;quacode;6;1;169197;8870;1480;56
NimFibo;AVEC_CUT;18;quacode;7;1;169197;8870;1480;49
NimFibo;AVEC_CUT;18;quacode;8;1;169197;8870;1480;49
NimFibo;AVEC_CUT;18;quacode;9;1;169197;8870;1480;53
NimFibo;AVEC_CUT;18;quacode;10;1;169197;8870;1480;60
NimFibo;AVEC_CUT;19;quacode;1;1;105959;5514;915;30
NimFibo;AVEC_CUT;19;quacode;2;1;105959;5514;915;29
NimFibo;AVEC_CUT;19;quacode;3;1;105959;5514;915;42
NimFibo;AVEC_CUT;19;quacode;4;1;105959;5514;915;31
NimFibo;AVEC_CUT;19;quacode;5;1;105959;5514;915;33
NimFibo;AVEC_CUT;19;quacode;6;1;105959;5514;915;32
NimFibo;AVEC_CUT;19;quacode;7;1;105959;5514;915;39
NimFibo;AVEC_CUT;19;quacode;8;1;105959;5514;915;29
NimFibo;AVEC_CUT;19;quacode;9;1;105959;5514;915;40
NimFibo;AVEC_CUT;19;quacode;10;1;105959;5514;915;32
NimFibo;AVEC_CUT;20;quacode;1;1;254523;13230;2198;82
NimFibo;AVEC_CUT;20;quacode;2;1;254523;13230;2198;73
NimFibo;AVEC_CUT;20;quacode;3;1;254523;13230;2198;87
NimFibo;AVEC_CUT;20;quacode;4;1;254523;13230;2198;72
NimFibo;AVEC_CUT;20;quacode;5;1;254523;13230;2198;87
NimFibo;AVEC_CUT;20;quacode;6;1;254523;13230;2198;72
NimFibo;AVEC_CUT;20;quacode;7;1;254523;13230;2198;80
NimFibo;AVEC_CUT;20;quacode;8;1;254523;13230;2198;87
NimFibo;AVEC_CUT;20;quacode;9;1;254523;13230;2198;82
NimFibo;AVEC_CUT;20;quacode;10;1;254523;13230;2198;87
NimFibo;AVEC_CUT;21;quacode;1;0;719572;37637;6278;218
NimFibo;AVEC_CUT;21;quacode;2;0;719572;37637;6278;205
NimFibo;AVEC_CUT;21;quacode;3;0;719572;37637;6278;235
NimFibo;AVEC_CUT;21;quacode;4;0;719572;37637;6278;211
NimFibo;AVEC_CUT;21;quacode;5;0;719572;37637;6278;234
NimFibo;AVEC_CUT;21;quacode;6;0;719572;37637;6278;209
NimFibo;AVEC_CUT;21;quacode;7;0;719572;37637;6278;219
NimFibo;AVEC_CUT;21;quacode;8;0;719572;37637;6278;214
NimFibo;AVEC_CUT;21;quacode;9;0;719572;37637;6278;226
NimFibo;AVEC_CUT;21;quacode;10;0;719572;37637;6278;222
NimFibo;AVEC_CUT;22;quacode;1;1;361461;18747;3113;108
NimFibo;AVEC_CUT;22;quacode;2;1;361461;18747;3113;111
NimFibo;AVEC_CUT;22;quacode;3;1;361461;18747;3113;113
NimFibo;AVEC_CUT;22;quacode;4;1;361461;18747;3113;115
NimFibo;AVEC_CUT;22;quacode;5;1;361461;18747;3113;109
NimFibo;AVEC_CUT;22;quacode;6;1;361461;18747;3113;106
NimFibo;AVEC_CUT;22;quacode;7;1;361461;18747;3113;109
NimFibo;AVEC_CUT;22;quacode;8;1;361461;18747;3113;110
NimFibo;AVEC_CUT;22;quacode;9;1;361461;18747;3113;104
NimFibo;AVEC_CUT;22;quacode;10;1;361461;18747;3113;107
NimFibo;AVEC_CUT;4;quacode-nodecount;1;1;134;4;1;0
NimFibo;AVEC_CUT;5;quacode-nodecount;1;0;310;8;6;0
NimFibo;AVEC_CUT;6;quacode-nodecount;1;1;420;11;3;0
NimFibo;AVEC_CUT;7;quacode-nodecount;1;1;870;22;8;0
NimFibo;AVEC_CUT;8;quacode-nodecount;1;0;2068;53;24;1
NimFibo;AVEC_CUT;9;quacode-nodecount;1;1;1494;35;11;0
NimFibo;AVEC_CUT;10;quacode-nodecount;1;1;3521;88;31;1
NimFibo;AVEC_CUT;11;quacode-nodecount;1;1;7166;185;65;3
NimFibo;AVEC_CUT;12;quacode-nodecount;1;1;5278;125;42;2
NimFibo;AVEC_CUT;13;quacode-nodecount;1;0;21318;542;199;13
NimFibo;AVEC_CUT;14;quacode-nodecount;1;1;12666;328;107;7
NimFibo;AVEC_CUT;15;quacode-nodecount;1;1;29642;767;258;11
NimFibo;AVEC_CUT;16;quacode-nodecount;1;1;62532;1609;550;29
NimFibo;AVEC_CUT;17;quacode-nodecount;1;1;43201;1081;365;22
NimFibo;AVEC_CUT;18;quacode-nodecount;1;1;169197;4335;1480;66
NimFibo;AVEC_CUT;19;quacode-nodecount;1;1;105959;2694;915;48
NimFibo;AVEC_CUT;20;quacode-nodecount;1;1;254523;6454;2198;105
NimFibo;AVEC_CUT;21;quacode-nodecount;1;0;719572;18346;6278;322
NimFibo;AVEC_CUT;22;quacode-nodecount;1;1;361461;9177;3113;150
NimFibo;AVEC_CUT;4;queso;1;1;345;17;;10
NimFibo;AVEC_CUT;4;queso;2;1;345;17;;11
NimFibo;AVEC_CUT;4;queso;3;1;345;17;;10
NimFibo;AVEC_CUT;4;queso;4;1;345;17;;11
NimFibo;AVEC_CUT;4;queso;5;1;345;17;;10
NimFibo;AVEC_CUT;4;queso;6;1;345;17;;11
NimFibo;AVEC_CUT;4;queso;7;1;345;17;;11
NimFibo;AVEC_CUT;4;queso;8;1;345;17;;11
NimFibo;AVEC_CUT;4;queso;9;1;345;17;;10
NimFibo;AVEC_CUT;4;queso;10;1;345;17;;14
NimFibo;AVEC_CUT;5;queso;1;0;638;23;;19
NimFibo;AVEC_CUT;5;queso;2;0;638;23;;20
NimFibo;AVEC_CUT;5;queso;3;0;638;23;;19
NimFibo;AVEC_CUT;5;queso;4;0;638;23;;18
NimFibo;AVEC_CUT;5;queso;5;0;638;23;;18
NimFibo;AVEC_CUT;5;queso;6;0;638;23;;21
NimFibo;AVEC_CUT;5;queso;7;0;638;23;;19
NimFibo;AVEC_CUT;5;queso;8;0;638;23;;19
NimFibo;AVEC_CUT;5;queso;9;0;638;23;;24
NimFibo;AVEC_CUT;5;queso;10;0;638;23;;19
NimFibo;AVEC_CUT;6;queso;1;1;4329;195;;102
NimFibo;AVEC_CUT;6;queso;2;1;4329;195;;106
NimFibo;AVEC_CUT;6;queso;3;1;4329;195;;105
NimFibo;AVEC_CUT;6;queso;4;1;4329;195;;100
NimFibo;AVEC_CUT;6;queso;5;1;4329;195;;105
NimFibo;AVEC_CUT;6;queso;6;1;4329;195;;104
NimFibo;AVEC_CUT;6;queso;7;1;4329;195;;111
NimFibo;AVEC_CUT;6;queso;8;1;4329;195;;114
NimFibo;AVEC_CUT;6;queso;9;1;4329;195;;104
NimFibo;AVEC_CUT;6;queso;10;1;4329;195;;99
NimFibo;AVEC_CUT;7;queso;1;1;7663;334;;152
NimFibo;AVEC_CUT;7;queso;2;1;7663;334;;152
NimFibo;AVEC_CUT;7;queso;3;1;7663;334;;153
NimFibo;AVEC_CUT;7;queso;4;1;7663;334;;148
NimFibo;AVEC_CUT;7;queso;5;1;7663;334;;150
NimFibo;AVEC_CUT;7;queso;6;1;7663;334;;153
NimFibo;AVEC_CUT;7;queso;7;1;7663;334;;154
NimFibo;AVEC_CUT;7;queso;8;1;7663;334;;150
NimFibo;AVEC_CUT;7;queso;9;1;7663;334;;154
NimFibo;AVEC_CUT;7;queso;10;1;7663;334;;151
NimFibo;AVEC_CUT;8;queso;1;0;93718;4158;;422
NimFibo;AVEC_CUT;8;queso;2;0;93718;4158;;412
NimFibo;AVEC_CUT;8;queso;3;0;93718;4158;;410
NimFibo;AVEC_CUT;8;queso;4;0;93718;4158;;412
NimFibo;AVEC_CUT;8;queso;5;0;93718;4158;;406
NimFibo;AVEC_CUT;8;queso;6;0;93718;4158;;414
NimFibo;AVEC_CUT;8;queso;7;0;93718;4158;;410
NimFibo;AVEC_CUT;8;queso;8;0;93718;4158;;406
NimFibo;AVEC_CUT;8;queso;9;0;93718;4158;;396
NimFibo;AVEC_CUT;8;queso;10;0;93718;4158;;398
NimFibo;AVEC_CUT;9;queso;1;1;119414;5315;;425
NimFibo;AVEC_CUT;9;queso;2;1;119414;5315;;430
NimFibo;AVEC_CUT;9;queso;3;1;119414;5315;;432
NimFibo;AVEC_CUT;9;queso;4;1;119414;5315;;433
NimFibo;AVEC_CUT;9;queso;5;1;119414;5315;;430
NimFibo;AVEC_CUT;9;queso;6;1;119414;5315;;429
NimFibo;AVEC_CUT;9;queso;7;1;119414;5315;;432
NimFibo;AVEC_CUT;9;queso;8;1;119414;5315;;429
NimFibo;AVEC_CUT;9;queso;9;1;119414;5315;;435
NimFibo;AVEC_CUT;9;queso;10;1;119414;5315;;427
NimFibo;AVEC_CUT;10;queso;1;1;1775656;78538;;1615
NimFibo;AVEC_CUT;10;queso;2;1;1775656;78538;;1571
NimFibo;AVEC_CUT;10;queso;3;1;1775656;78538;;1603
NimFibo;AVEC_CUT;10;queso;4;1;1775656;78538;;1618
NimFibo;AVEC_CUT;10;queso;5;1;1775656;78538;;1588
NimFibo;AVEC_CUT;10;queso;6;1;1775656;78538;;1601
NimFibo;AVEC_CUT;10;queso;7;1;1775656;78538;;1615
NimFibo;AVEC_CUT;10;queso;8;1;1775656;78538;;1606
NimFibo;AVEC_CUT;10;queso;9;1;1775656;78538;;1608
NimFibo;AVEC_CUT;10;queso;10;1;1775656;78538;;1590
NimFibo;AVEC_CUT;11;queso;1;1;3385733;148931;;2784
NimFibo;AVEC_CUT;11;queso;2;1;3385733;148931;;2783
NimFibo;AVEC_CUT;11;queso;3;1;3385733;148931;;2833
NimFibo;AVEC_CUT;11;queso;4;1;3385733;148931;;2773
NimFibo;AVEC_CUT;11;queso;5;1;3385733;148931;;2772
NimFibo;AVEC_CUT;11;queso;6;1;3385733;148931;;2769
NimFibo;AVEC_CUT;11;queso;7;1;3385733;148931;;2784
NimFibo;AVEC_CUT;11;queso;8;1;3385733;148931;;2779
NimFibo;AVEC_CUT;11;queso;9;1;3385733;148931;;2796
NimFibo;AVEC_CUT;11;queso;10;1;3385733;148931;;2793
NimFibo;AVEC_CUT;12;queso;1;1;48846487;2134393;;39902
NimFibo;AVEC_CUT;12;queso;2;1;48846487;2134393;;39208
NimFibo;AVEC_CUT;12;queso;3;1;48846487;2134393;;39581
NimFibo;AVEC_CUT;12;queso;4;1;48846487;2134393;;39421
NimFibo;AVEC_CUT;12;queso;5;1;48846487;2134393;;39524
NimFibo;AVEC_CUT;12;queso;6;1;48846487;2134393;;39376
NimFibo;AVEC_CUT;12;queso;7;1;48846487;2134393;;39573
NimFibo;AVEC_CUT;12;queso;8;1;48846487;2134393;;39837
NimFibo;AVEC_CUT;12;queso;9;1;48846487;2134393;;39066
NimFibo;AVEC_CUT;12;queso;10;1;48846487;2134393;;39340
NimFibo;AVEC_CUT;13;queso;1;0;138114585;6013254;;113501
NimFibo;AVEC_CUT;13;queso;2;0;138114585;6013254;;112451
NimFibo;AVEC_CUT;13;queso;3;0;138114585;6013254;;113549
NimFibo;AVEC_CUT;13;queso;4;0;138114585;6013254;;114550
NimFibo;AVEC_CUT;13;queso;5;0;138114585;6013254;;115963
NimFibo;AVEC_CUT;13;queso;6;0;138114585;6013254;;113457
NimFibo;AVEC_CUT;13;queso;7;0;138114585;6013254;;110423
NimFibo;AVEC_CUT;13;queso;8;0;138114585;6013254;;114905
NimFibo;AVEC_CUT;13;queso;9;0;138114585;6013254;;114206
NimFibo;AVEC_CUT;13;queso;10;0;138114585;6013254;;114212
NimFibo;AVEC_CUT;14;queso;1;1;1710679520;74031923;;1561423
NimFibo;AVEC_CUT;14;queso;2;1;1710679520;74031923;;1647090
NimFibo;AVEC_CUT;15;queso;1;;;;;
NimFibo;AVEC_CUT;16;queso;1;;;;;
NimFibo;AVEC_CUT;17;queso;1;;;;;
NimFibo;AVEC_CUT;18;queso;1;;;;;
NimFibo;AVEC_CUT;19;queso;1;;;;;
NimFibo;AVEC_CUT;20;queso;1;;;;;
NimFibo;AVEC_CUT;21;queso;1;;;;;
NimFibo;AVEC_CUT;22;queso;1;;;;;
NimFibo;AVEC_CUT;22;queso;2;;;;;
NimFibo;AVEC_CUT;4;qecode;1;1;;8;;0
NimFibo;AVEC_CUT;4;qecode;2;1;;8;;0
NimFibo;AVEC_CUT;5;qecode;1;0;;23;;0
NimFibo;AVEC_CUT;5;qecode;2;0;;23;;0
NimFibo;AVEC_CUT;6;qecode;1;1;;18;;0
NimFibo;AVEC_CUT;6;qecode;2;1;;18;;0
NimFibo;AVEC_CUT;7;qecode;1;1;;42;;0
NimFibo;AVEC_CUT;7;qecode;2;1;;42;;0
NimFibo;AVEC_CUT;8;qecode;1;0;;107;;0
NimFibo;AVEC_CUT;8;qecode;2;0;;107;;0
NimFibo;AVEC_CUT;9;qecode;1;1;;62;;0
NimFibo;AVEC_CUT;9;qecode;2;1;;62;;0
NimFibo;AVEC_CUT;10;qecode;1;1;;156;;0
NimFibo;AVEC_CUT;10;qecode;2;1;;156;;0
NimFibo;AVEC_CUT;11;qecode;1;1;;324;;0
NimFibo;AVEC_CUT;11;qecode;2;1;;324;;0
NimFibo;AVEC_CUT;12;qecode;1;1;;220;;0
NimFibo;AVEC_CUT;12;qecode;2;1;;220;;0
NimFibo;AVEC_CUT;13;qecode;1;0;;977;;20
NimFibo;AVEC_CUT;13;qecode;2;0;;977;;10
NimFibo;AVEC_CUT;14;qecode;1;1;;546;;10
NimFibo;AVEC_CUT;14;qecode;2;1;;546;;0
NimFibo;AVEC_CUT;15;qecode;1;1;;1310;;20
NimFibo;AVEC_CUT;15;qecode;2;1;;1310;;20
NimFibo;AVEC_CUT;16;qecode;1;1;;2770;;60
NimFibo;AVEC_CUT;16;qecode;2;1;;2770;;60
NimFibo;AVEC_CUT;17;qecode;1;1;;1858;;40
NimFibo;AVEC_CUT;17;qecode;2;1;;1858;;40
NimFibo;AVEC_CUT;18;qecode;1;1;;7456;;120
NimFibo;AVEC_CUT;18;qecode;2;1;;7456;;130
NimFibo;AVEC_CUT;19;qecode;1;1;;4630;;80
NimFibo;AVEC_CUT;19;qecode;2;1;;4630;;80
NimFibo;AVEC_CUT;20;qecode;1;1;;11116;;250
NimFibo;AVEC_CUT;20;qecode;2;1;;11116;;280
NimFibo;AVEC_CUT;21;qecode;1;0;;31641;;740
NimFibo;AVEC_CUT;21;qecode;2;0;;31641;;730
NimFibo;AVEC_CUT;22;qecode;1;1;;15748;;420
NimFibo;AVEC_CUT;22;qecode;2;1;;15748;;440
NimFibo;AVEC_CUT;4;qecode-debug;1;1;22;16;;0
NimFibo;AVEC_CUT;5;qecode-debug;1;0;44;43;;0
NimFibo;AVEC_CUT;6;qecode-debug;1;1;42;36;;0
NimFibo;AVEC_CUT;7;qecode-debug;1;1;80;82;;0
NimFibo;AVEC_CUT;8;qecode-debug;1;0;177;205;;0
NimFibo;AVEC_CUT;9;qecode-debug;1;1;119;124;;0
NimFibo;AVEC_CUT;10;qecode-debug;1;1;267;308;;10
NimFibo;AVEC_CUT;11;qecode-debug;1;1;530;637;;20
NimFibo;AVEC_CUT;12;qecode-debug;1;1;377;438;;20
NimFibo;AVEC_CUT;13;qecode-debug;1;0;1552;1918;;70
NimFibo;AVEC_CUT;14;qecode-debug;1;1;894;1081;;40
NimFibo;AVEC_CUT;15;qecode-debug;1;1;2107;2594;;100
NimFibo;AVEC_CUT;16;qecode-debug;1;1;4410;5476;;190
NimFibo;AVEC_CUT;17;qecode-debug;1;1;2982;3681;;120
NimFibo;AVEC_CUT;18;qecode-debug;1;1;11823;14743;;560
NimFibo;AVEC_CUT;19;qecode-debug;1;1;7369;9163;;420
NimFibo;AVEC_CUT;20;qecode-debug;1;1;17642;22001;;1000
NimFibo;AVEC_CUT;21;qecode-debug;1;0;50075;62576;;2690
NimFibo;AVEC_CUT;22;qecode-debug;1;1;24982;31170;;1540

#problem;variant_name;variant_range;solver;run;solutions;propagations;nodes;failures;runtime(ms)
MatrixGame;_;4;quacode;1;1;212;73;8;7
MatrixGame;_;4;quacode;2;1;212;73;8;0
MatrixGame;_;5;quacode;1;1;305;104;7;1
MatrixGame;_;5;quacode;2;1;305;104;7;1
MatrixGame;_;6;quacode;1;1;705;236;23;10
MatrixGame;_;6;quacode;2;1;705;236;23;10
MatrixGame;_;7;quacode;1;1;1553;526;49;138
MatrixGame;_;7;quacode;2;1;1553;526;49;138
MatrixGame;_;8;quacode;1;1;3106;1054;92;2245
MatrixGame;_;8;quacode;2;1;3106;1054;92;2254
MatrixGame;_;9;quacode;1;1;5814;1948;156;36282
MatrixGame;_;9;quacode;2;1;5814;1948;156;36284
MatrixGame;_;10;quacode;1;1;12533;4220;354;590071
MatrixGame;_;10;quacode;2;1;12533;4220;354;589312
MatrixGame;_;11;quacode;1;;;;;
MatrixGame;_;11;quacode;2;;;;;
MatrixGame;_;4;quacode-nodecount;1;1;212;43;8;1
MatrixGame;_;5;quacode-nodecount;1;1;305;65;7;3
MatrixGame;_;6;quacode-nodecount;1;1;705;145;23;19
MatrixGame;_;7;quacode-nodecount;1;1;1553;317;49;223
MatrixGame;_;8;quacode-nodecount;1;1;3106;642;92;2982
MatrixGame;_;9;quacode-nodecount;1;1;5814;1198;156;46918
MatrixGame;_;10;quacode-nodecount;1;1;12533;2600;354;787822
MatrixGame;_;11;quacode-nodecount;1;;;;;
MatrixGame;_;11;quacode-nodecount;2;;;;;
MatrixGame;_;4;queso;1;1;16506;40;;53
MatrixGame;_;4;queso;2;1;16506;40;;56
MatrixGame;_;5;queso;1;1;100543;59;;142
MatrixGame;_;5;queso;2;1;100543;59;;142
MatrixGame;_;6;queso;1;1;893363;135;;1656
MatrixGame;_;6;queso;2;1;893363;135;;1644
MatrixGame;_;7;queso;1;1;8127450;301;;30490
MatrixGame;_;7;queso;2;1;8127450;301;;31077
MatrixGame;_;8;queso;1;1;64489377;593;;615692
MatrixGame;_;8;queso;2;1;64489377;593;;622981
MatrixGame;_;9;queso;1;;;;;
MatrixGame;_;9;queso;2;;;;;
MatrixGame;_;10;queso;1;;;;;
MatrixGame;_;10;queso;2;;;;;
MatrixGame;_;11;queso;1;;;;;
MatrixGame;_;11;queso;2;;;;;
MatrixGame;_;4;qecode;1;1;;88;;100
MatrixGame;_;4;qecode;2;1;;88;;100
MatrixGame;_;5;qecode;1;1;;118;;520
MatrixGame;_;5;qecode;2;1;;118;;520
MatrixGame;_;6;qecode;1;1;;306;;8720
MatrixGame;_;6;qecode;2;1;;306;;8690
MatrixGame;_;7;qecode;1;1;;656;;161440
MatrixGame;_;7;qecode;2;1;;656;;158240
MatrixGame;_;8;qecode;1;;;;;
MatrixGame;_;8;qecode;2;;;;;
MatrixGame;_;9;qecode;1;;;;;
MatrixGame;_;9;qecode;2;;;;;
MatrixGame;_;10;qecode;1;;;;;
MatrixGame;_;10;qecode;2;;;;;
MatrixGame;_;11;qecode;1;;;;;
MatrixGame;_;11;qecode;2;;;;;
MatrixGame;_;4;qecode-debug;1;1;2696;114;;440
MatrixGame;_;5;qecode-debug;1;1;7612;154;;2430
MatrixGame;_;6;qecode-debug;1;1;116139;386;;45850
MatrixGame;_;7;qecode-debug;1;1;825713;846;;959160
MatrixGame;_;8;qecode-debug;1;;;;;
MatrixGame;_;9;qecode-debug;1;;;;;
MatrixGame;_;10;qecode-debug;1;;;;;
MatrixGame;_;11;qecode-debug;1;;;;;

#problem;variant_name;variant_range;solver;run;solutions;propagations;nodes;failures;runtime(ms)
ConnectFour;SANS_CUT;4x4;quacode;1;0;798636092;2836827;1610070;141452
ConnectFour;SANS_CUT;4x4;quacode;2;0;798636092;2836827;1610070;142909
ConnectFour;SANS_CUT;4x5;quacode;1;;;;;
ConnectFour;SANS_CUT;4x5;quacode;2;;;;;
ConnectFour;SANS_CUT;5x4;quacode;1;;;;;
ConnectFour;SANS_CUT;5x4;quacode;2;;;;;
ConnectFour;SANS_CUT;4x4;quacode-nodecount;1;0;798636092;928645;1610070;150132
ConnectFour;SANS_CUT;4x5;quacode-nodecount;1;;;;;
ConnectFour;SANS_CUT;5x4;quacode-nodecount;1;;;;;
ConnectFour;SANS_CUT;4x4;queso;1;0;512177815;845296;;55326
ConnectFour;SANS_CUT;4x4;queso;2;0;512177815;845296;;55088
ConnectFour;SANS_CUT;4x5;queso;1;;;;;
ConnectFour;SANS_CUT;5x4;queso;1;;;;;
ConnectFour;SANS_CUT;5x4;queso;2;;;;;
ConnectFour;AVEC_CUT;4x4;quacode;1;0;6766190;12617;3349;881
ConnectFour;AVEC_CUT;4x4;quacode;2;0;6766190;12617;3349;890
ConnectFour;AVEC_CUT;4x5;quacode;1;0;940296419;1718153;417589;139293
ConnectFour;AVEC_CUT;4x5;quacode;2;0;940296419;1718153;417589;138244
ConnectFour;AVEC_CUT;5x4;quacode;1;0;83364319;125018;33341;11868
ConnectFour;AVEC_CUT;5x4;quacode;2;0;83364319;125018;33341;11881
ConnectFour;AVEC_CUT;4x4;quacode-nodecount;1;0;6766190;7800;3349;940
ConnectFour;AVEC_CUT;4x5;quacode-nodecount;1;0;940296419;979244;417589;144348
ConnectFour;AVEC_CUT;5x4;quacode-nodecount;1;0;83364319;76117;33341;12509
ConnectFour;AVEC_CUT;4x4;queso;1;0;20761455;25141;;2881
ConnectFour;AVEC_CUT;4x4;queso;2;0;20761455;25141;;2745
ConnectFour;AVEC_CUT;4x5;queso;1;;;;;
ConnectFour;AVEC_CUT;5x4;queso;1;0;1037360167;775784;;111459
ConnectFour;AVEC_CUT;5x4;queso;2;0;1037360167;775784;;113977

ConnectFour;AVEC_CUT_HEUR;4x4;quacode;1;0;2827895;4735;1121;394
ConnectFour;AVEC_CUT_HEUR;4x4;quacode;2;0;2827895;4735;1121;394
ConnectFour;AVEC_CUT_HEUR;4x5;quacode;1;0;147945941;252020;55007;22870
ConnectFour;AVEC_CUT_HEUR;4x5;quacode;2;0;147945941;252020;55007;22715
ConnectFour;AVEC_CUT_HEUR;5x4;quacode;1;0;19676421;25505;6300;2876
ConnectFour;AVEC_CUT_HEUR;5x4;quacode;2;0;19676421;25505;6300;2879
ConnectFour;AVEC_CUT_HEUR;4x4;quacode-nodecount;1;0;2827895;3431;1121;401
ConnectFour;AVEC_CUT_HEUR;4x5;quacode-nodecount;1;0;147945941;161052;55007;23590
ConnectFour;AVEC_CUT_HEUR;5x4;quacode-nodecount;1;0;19676421;18261;6300;2939
ConnectFour;AVEC_CUT_HEUR;4x4;queso;1;0;2490216;5133;;679
ConnectFour;AVEC_CUT_HEUR;4x4;queso;2;0;2490216;5133;;676
ConnectFour;AVEC_CUT_HEUR;4x5;queso;1;0;600172454;792201;;73232
ConnectFour;AVEC_CUT_HEUR;4x5;queso;2;0;600172454;792201;;73811
ConnectFour;AVEC_CUT_HEUR;5x4;queso;1;0;34928901;43861;;4589
ConnectFour;AVEC_CUT_HEUR;5x4;queso;2;0;34928901;43861;;4632

